_id,Year,Sex,Rank,Name,Count,
3104,2022,Female,1,OLIVIA,2189,
3105,2022,Female,2,EMMA,2090,
3106,2022,Female,3,CAMILA,2052,
3107,2022,Female,4,MIA,1888,
3108,2022,Female,5,SOPHIA,1774,
3109,2022,Female,6,ISABELLA,1740,
3110,2022,Female,7,LUNA,1523,
3111,2022,Female,8,SOFIA,1311,
3112,2022,Female,9,AMELIA,1297,
3113,2022,Female,10,GIANNA,1113,
3114,2022,Female,11,EMILY,1110,
3115,2022,Female,12,MILA,1078,
3116,2022,Female,13,CHARLOTTE,1070,
3117,2022,Female,14,AVA,1028,
3118,2022,Female,15,PENELOPE,1003,
3119,2022,Female,16,ARIA,1001,
3120,2022,Female,17,EVELYN,988,
3121,2022,Female,18,VICTORIA,879,
3122,2022,Female,19,SCARLETT,875,
3123,2022,Female,20,NATALIA,874,
3124,2022,Female,21,ABIGAIL,839,
3125,2022,Female,22,ZOE,801,
3126,2022,Female,23,VIOLET,787,
3127,2022,Female,24,CHLOE,768,
3128,2022,Female,24,ELIANA,768,
3129,2022,Male,1,LIAM,2616,
3130,2022,Male,2,NOAH,2518,
3131,2022,Male,3,MATEO,2389,
3132,2022,Male,4,SEBASTIAN,2102,
3133,2022,Male,5,OLIVER,1633,
3134,2022,Male,6,JULIAN,1628,
3135,2022,Male,7,SANTIAGO,1551,
3136,2022,Male,8,BENJAMIN,1530,
3137,2022,Male,9,ELIJAH,1451,
3138,2022,Male,10,EZEKIEL,1403,
3139,2022,Male,11,ALEXANDER,1398,
3140,2022,Male,12,DANIEL,1396,
3141,2022,Male,13,ETHAN,1351,
3142,2022,Male,14,LUCAS,1295,
3143,2022,Male,15,EZRA,1252,
3144,2022,Male,16,LUCA,1230,
3145,2022,Male,17,LEVI,1203,
3146,2022,Male,18,LEO,1185,
3147,2022,Male,19,ANGEL,1170,
3148,2022,Male,20,AIDEN,1161,
3149,2022,Male,21,JAMES,1097,
3150,2022,Male,22,JAYDEN,1096,
3151,2022,Male,23,MATTHEW,1093,
3152,2022,Male,24,DYLAN,1072,
3153,2022,Male,25,ELIAS,1069,
3054,2021,Female,1,OLIVIA,2411,
3055,2021,Female,2,EMMA,2182,
3056,2021,Female,3,CAMILA,2076,
3057,2021,Female,4,MIA,2039,
3058,2021,Female,5,SOPHIA,1821,
3059,2021,Female,6,ISABELLA,1662,
3060,2021,Female,7,LUNA,1466,
3061,2021,Female,8,AMELIA,1375,
3062,2021,Female,9,SOFIA,1316,
3063,2021,Female,10,GIANNA,1292,
3064,2021,Female,11,AVA,1269,
3065,2021,Female,12,CHARLOTTE,1145,
3066,2021,Female,13,EMILY,1098,
3067,2021,Female,14,MILA,1072,
3068,2021,Female,15,ARIA,1002,
3069,2021,Female,16,EVELYN,971,
3070,2021,Female,17,NATALIA,952,
3071,2021,Female,18,VICTORIA,942,
3072,2021,Female,19,ABIGAIL,926,
3073,2021,Female,20,PENELOPE,911,
3074,2021,Female,21,SCARLETT,833,
3075,2021,Female,22,CHLOE,784,
3076,2021,Female,23,LAYLA,780,
3077,2021,Female,24,MAYA,776,
3078,2021,Female,25,ZOE,770,
3079,2021,Male,1,NOAH,2621,
3080,2021,Male,2,LIAM,2487,
3081,2021,Male,3,MATEO,2125,
3082,2021,Male,4,SEBASTIAN,2056,
3083,2021,Male,5,JULIAN,1733,
3084,2021,Male,6,BENJAMIN,1617,
3085,2021,Male,7,OLIVER,1534,
3086,2021,Male,8,ELIJAH,1515,
3087,2021,Male,9,ALEXANDER,1495,
3088,2021,Male,10,DANIEL,1440,
3089,2021,Male,11,ETHAN,1419,
3090,2021,Male,12,LUCAS,1382,
3091,2021,Male,13,EZEKIEL,1284,
3092,2021,Male,14,SANTIAGO,1264,
3093,2021,Male,15,AIDEN,1241,
3094,2021,Male,16,JACOB,1222,
3095,2021,Male,17,MATTHEW,1181,
3096,2021,Male,18,JAMES,1168,
3097,2021,Male,19,EZRA,1134,
3098,2021,Male,20,LEVI,1097,
3099,2021,Male,21,MICHAEL,1093,
3100,2021,Male,22,JAYDEN,1092,
3101,2021,Male,23,LEO,1084,
3102,2021,Male,24,DAVID,1074,
3103,2021,Male,25,ADRIAN,1067,
3004,2020,Female,1,OLIVIA,2352,
3005,2020,Female,2,CAMILA,2192,
3006,2020,Female,3,EMMA,2117,
3007,2020,Female,4,MIA,2047,
3008,2020,Female,5,SOPHIA,2001,
3009,2020,Female,6,ISABELLA,1874,
3010,2020,Female,7,GIANNA,1532,
3011,2020,Female,8,LUNA,1468,
3012,2020,Female,9,SOFIA,1282,
3013,2020,Female,10,AMELIA,1255,
3014,2020,Female,11,EMILY,1249,
3015,2020,Female,12,AVA,1230,
3016,2020,Female,13,CHARLOTTE,1182,
3017,2020,Female,14,ABIGAIL,1067,
3018,2020,Female,15,VICTORIA,1041,
3019,2020,Female,16,EVELYN,1017,
3020,2020,Female,17,MILA,1008,
3021,2020,Female,18,PENELOPE,969,
3022,2020,Female,19,ARIA,935,
3023,2020,Female,20,NATALIA,854,
3024,2020,Female,21,CHLOE,814,
3025,2020,Female,22,SCARLETT,813,
3026,2020,Female,23,ELLA,810,
3027,2020,Female,24,ZOE,783,
3028,2020,Female,25,LAYLA,745,
3029,2020,Male,1,NOAH,2640,
3030,2020,Male,2,LIAM,2429,
3031,2020,Male,3,MATEO,2078,
3032,2020,Male,4,SEBASTIAN,2000,
3033,2020,Male,5,JULIAN,1688,
3034,2020,Male,6,ETHAN,1657,
3035,2020,Male,7,BENJAMIN,1648,
3036,2020,Male,8,ELIJAH,1595,
3037,2020,Male,9,ALEXANDER,1591,
3038,2020,Male,10,OLIVER,1541,
3039,2020,Male,11,DANIEL,1490,
3040,2020,Male,12,LUCAS,1355,
3041,2020,Male,13,MATTHEW,1345,
3042,2020,Male,14,JACOB,1303,
3043,2020,Male,15,AIDEN,1273,
3044,2020,Male,16,SANTIAGO,1215,
3045,2020,Male,17,JAYDEN,1206,
3046,2020,Male,18,DAVID,1165,
3047,2020,Male,19,JAMES,1156,
3048,2020,Male,20,LOGAN,1153,
3049,2020,Male,21,EZEKIEL,1141,
3050,2020,Male,22,NATHAN,1099,
3051,2020,Male,23,ADRIAN,1093,
3052,2020,Male,24,DYLAN,1085,
3053,2020,Male,25,MICHAEL,1077,
2954,2019,Female,1,OLIVIA,2613,
2955,2019,Female,2,EMMA,2403,
2956,2019,Female,3,MIA,2364,
2957,2019,Female,4,SOPHIA,2097,
2958,2019,Female,5,CAMILA,2073,
2959,2019,Female,6,ISABELLA,2018,
2960,2019,Female,7,LUNA,1509,
2961,2019,Female,8,EMILY,1473,
2962,2019,Female,9,AVA,1420,
2963,2019,Female,10,SOFIA,1408,
2964,2019,Female,11,VICTORIA,1326,
2965,2019,Female,12,ABIGAIL,1298,
2966,2019,Female,13,AMELIA,1278,
2967,2019,Female,14,CHARLOTTE,1225,
2968,2019,Female,15,MILA,1219,
2969,2019,Female,16,EVELYN,1167,
2970,2019,Female,17,PENELOPE,1109,
2971,2019,Female,18,ARIA,1043,
2972,2019,Female,19,SCARLETT,957,
2973,2019,Female,20,ELLA,899,
2974,2019,Female,21,ELIZABETH,879,
2975,2019,Female,22,CHLOE,876,
2976,2019,Female,23,AVERY,830,
2977,2019,Female,24,ZOE,829,
2978,2019,Female,25,VALENTINA,782,
2979,2019,Male,1,NOAH,2686,
2980,2019,Male,2,LIAM,2406,
2981,2019,Male,3,MATEO,2222,
2982,2019,Male,4,SEBASTIAN,2154,
2983,2019,Male,5,ETHAN,2101,
2984,2019,Male,6,JULIAN,1860,
2985,2019,Male,7,ALEXANDER,1838,
2986,2019,Male,8,BENJAMIN,1760,
2987,2019,Male,9,DANIEL,1747,
2988,2019,Male,10,LUCAS,1724,
2989,2019,Male,11,JACOB,1661,
2990,2019,Male,12,OLIVER,1613,
2991,2019,Male,13,MATTHEW,1566,
2992,2019,Male,14,ELIJAH,1513,
2993,2019,Male,15,JAYDEN,1413,
2994,2019,Male,16,AIDEN,1405,
2995,2019,Male,17,SANTIAGO,1359,
2996,2019,Male,18,JAMES,1354,
2997,2019,Male,19,ISAAC,1320,
2998,2019,Male,20,LOGAN,1277,
2999,2019,Male,21,DAVID,1256,
3000,2019,Male,22,MICHAEL,1238,
3001,2019,Male,23,MASON,1233,
3002,2019,Male,24,ANTHONY,1226,
3003,2019,Male,25,DYLAN,1203,
2904,2018,Female,1,EMMA,2746,
2905,2018,Female,2,MIA,2495,
2906,2018,Female,3,OLIVIA,2465,
2907,2018,Female,4,ISABELLA,2204,
2908,2018,Female,5,SOPHIA,2158,
2909,2018,Female,6,CAMILA,2086,
2910,2018,Female,7,SOFIA,1508,
2911,2018,Female,8,EMILY,1505,
2912,2018,Female,9,VICTORIA,1463,
2913,2018,Female,10,LUNA,1444,
2914,2018,Female,11,AVA,1391,
2915,2018,Female,12,ABIGAIL,1376,
2916,2018,Female,13,CHARLOTTE,1337,
2917,2018,Female,14,MILA,1294,
2918,2018,Female,15,AMELIA,1207,
2919,2018,Female,16,EVELYN,1157,
2920,2018,Female,17,ARIA,1080,
2921,2018,Female,18,PENELOPE,1075,
2922,2018,Female,19,SCARLETT,954,
2923,2018,Female,20,CHLOE,924,
2924,2018,Female,21,ELLA,896,
2925,2018,Female,22,ELIZABETH,895,
2926,2018,Female,23,AVERY,849,
2927,2018,Female,24,ZOE,839,
2928,2018,Female,25,GENESIS,810,
2929,2018,Male,1,NOAH,2578,
2930,2018,Male,2,LIAM,2415,
2931,2018,Male,3,SEBASTIAN,2217,
2932,2018,Male,4,MATEO,2104,
2933,2018,Male,5,ETHAN,2060,
2934,2018,Male,6,DANIEL,1998,
2935,2018,Male,7,JULIAN,1941,
2936,2018,Male,8,ALEXANDER,1908,
2937,2018,Male,9,BENJAMIN,1768,
2938,2018,Male,10,JACOB,1718,
2939,2018,Male,11,MATTHEW,1703,
2940,2018,Male,12,LUCAS,1556,
2941,2018,Male,13,JAYDEN,1548,
2942,2018,Male,14,OLIVER,1509,
2943,2018,Male,15,AIDEN,1479,
2944,2018,Male,16,JAMES,1461,
2945,2018,Male,17,LOGAN,1458,
2946,2018,Male,18,DAVID,1457,
2947,2018,Male,19,ELIJAH,1440,
2948,2018,Male,20,DYLAN,1371,
2949,2018,Male,21,MICHAEL,1354,
2950,2018,Male,22,NATHAN,1335,
2951,2018,Male,23,ISAAC,1328,
2952,2018,Male,24,WILLIAM,1303,
2953,2018,Male,25,MASON,1302,
2854,2017,Female,1,EMMA,2734,
2855,2017,Female,2,MIA,2581,
2856,2017,Female,3,OLIVIA,2479,
2857,2017,Female,4,SOPHIA,2436,
2858,2017,Female,5,ISABELLA,2342,
2859,2017,Female,6,EMILY,1805,
2860,2017,Female,7,CAMILA,1782,
2861,2017,Female,8,SOFIA,1677,
2862,2017,Female,9,ABIGAIL,1544,
2863,2017,Female,10,AVA,1524,
2864,2017,Female,11,VICTORIA,1487,
2865,2017,Female,12,CHARLOTTE,1387,
2866,2017,Female,13,EVELYN,1171,
2867,2017,Female,14,LUNA,1150,
2868,2017,Female,15,SCARLETT,1104,
2869,2017,Female,16,PENELOPE,1086,
2870,2017,Female,17,AMELIA,1072,
2871,2017,Female,18,ARIA,1064,
2872,2017,Female,19,MILA,1052,
2873,2017,Female,20,ELIZABETH,967,
2874,2017,Female,21,CHLOE,949,
2875,2017,Female,22,ZOE,886,
2876,2017,Female,23,GRACE,882,
2877,2017,Female,24,SAMANTHA,871,
2878,2017,Female,25,GENESIS,853,
2879,2017,Male,1,NOAH,2513,
2880,2017,Male,2,SEBASTIAN,2267,
2881,2017,Male,3,LIAM,2187,
2882,2017,Male,4,ETHAN,2147,
2883,2017,Male,5,MATTHEW,2132,
2884,2017,Male,6,DANIEL,2088,
2885,2017,Male,7,JACOB,2054,
2886,2017,Male,8,MATEO,2007,
2887,2017,Male,9,ALEXANDER,1998,
2888,2017,Male,10,JULIAN,1940,
2889,2017,Male,11,BENJAMIN,1850,
2890,2017,Male,12,LOGAN,1774,
2891,2017,Male,13,JAYDEN,1688,
2892,2017,Male,14,LUCAS,1633,
2893,2017,Male,15,AIDEN,1632,
2894,2017,Male,16,OLIVER,1561,
2895,2017,Male,17,DAVID,1553,
2896,2017,Male,18,AARON,1528,
2897,2017,Male,19,NATHAN,1518,
2898,2017,Male,20,DYLAN,1513,
2899,2017,Male,21,JAMES,1508,
2900,2017,Male,22,MICHAEL,1507,
2901,2017,Male,23,ELIJAH,1486,
2902,2017,Male,24,ANTHONY,1439,
2903,2017,Male,25,ISAAC,1423,
2804,2016,Female,1,MIA,2792,
2805,2016,Female,2,SOPHIA,2749,
2806,2016,Female,3,EMMA,2599,
2807,2016,Female,4,OLIVIA,2537,
2808,2016,Female,5,ISABELLA,2346,
2809,2016,Female,6,EMILY,1948,
2810,2016,Female,7,SOFIA,1897,
2811,2016,Female,8,CAMILA,1645,
2812,2016,Female,9,AVA,1609,
2813,2016,Female,10,ABIGAIL,1586,
2814,2016,Female,11,VICTORIA,1552,
2815,2016,Female,12,CHARLOTTE,1378,
2816,2016,Female,13,EVELYN,1185,
2817,2016,Female,14,SCARLETT,1114,
2818,2016,Female,15,PENELOPE,1059,
2819,2016,Female,16,AMELIA,1055,
2820,2016,Female,17,ALEXA,1025,
2821,2016,Female,18,ELIZABETH,1020,
2822,2016,Female,19,SAMANTHA,1009,
2823,2016,Female,20,ARIA,1004,
2824,2016,Female,21,CHLOE,978,
2825,2016,Female,22,AVERY,961,
2826,2016,Female,23,MADISON,916,
2827,2016,Female,24,ZOE,909,
2828,2016,Female,25,GENESIS,898,
2829,2016,Male,1,NOAH,2687,
2830,2016,Male,2,MATTHEW,2410,
2831,2016,Male,3,ETHAN,2329,
2832,2016,Male,4,DANIEL,2292,
2833,2016,Male,5,SEBASTIAN,2265,
2834,2016,Male,6,JACOB,2260,
2835,2016,Male,7,ALEXANDER,2218,
2836,2016,Male,8,JULIAN,2040,
2837,2016,Male,9,LIAM,2028,
2838,2016,Male,10,BENJAMIN,1914,
2839,2016,Male,11,JAYDEN,1850,
2840,2016,Male,12,MATEO,1848,
2841,2016,Male,13,MICHAEL,1764,
2842,2016,Male,14,AIDEN,1748,
2843,2016,Male,15,DAVID,1712,
2844,2016,Male,16,NATHAN,1693,
2845,2016,Male,17,ANTHONY,1654,
2846,2016,Male,18,LUCAS,1635,
2847,2016,Male,19,JAMES,1628,
2848,2016,Male,20,ELIJAH,1568,
2849,2016,Male,21,ISAAC,1566,
2850,2016,Male,22,AARON,1556,
2851,2016,Male,23,OLIVER,1547,
2852,2016,Male,24,DYLAN,1531,
2853,2016,Male,25,MASON,1521,
2753,2015,Female,1,SOPHIA,2944,
2754,2015,Female,2,MIA,2856,
2755,2015,Female,3,EMMA,2707,
2756,2015,Female,4,OLIVIA,2515,
2757,2015,Female,5,ISABELLA,2392,
2758,2015,Female,6,EMILY,2142,
2759,2015,Female,7,SOFIA,2014,
2760,2015,Female,8,ABIGAIL,1764,
2761,2015,Female,9,VICTORIA,1570,
2762,2015,Female,10,AVA,1535,
2763,2015,Female,11,ALEXA,1435,
2764,2015,Female,12,CAMILA,1408,
2765,2015,Female,13,CHARLOTTE,1338,
2766,2015,Female,14,SAMANTHA,1110,
2767,2015,Female,15,EVELYN,1063,
2768,2015,Female,16,SCARLETT,1054,
2769,2015,Female,17,MADISON,1032,
2770,2015,Female,18,ELIZABETH,992,
2771,2015,Female,19,PENELOPE,989,
2772,2015,Female,20,ZOE,957,
2773,2015,Female,21,CHLOE,950,
2774,2015,Female,22,NATALIE,938,
2775,2015,Female,23,AVERY,923,
2776,2015,Female,24,ALLISON,902,
2777,2015,Female,25,ARIA,897,
2778,2015,Female,25,GRACE,897,
2779,2015,Male,1,NOAH,2754,
2780,2015,Male,2,JACOB,2549,
2781,2015,Male,3,DANIEL,2468,
2782,2015,Male,4,ETHAN,2466,
2783,2015,Male,5,MATTHEW,2423,
2784,2015,Male,6,ALEXANDER,2304,
2785,2015,Male,7,JAYDEN,2134,
2786,2015,Male,8,SEBASTIAN,2073,
2787,2015,Male,9,LIAM,2023,
2788,2015,Male,10,DAVID,1932,
2789,2015,Male,11,JULIAN,1900,
2790,2015,Male,12,AIDEN,1896,
2791,2015,Male,13,MICHAEL,1857,
2792,2015,Male,14,NATHAN,1855,
2793,2015,Male,15,BENJAMIN,1819,
2794,2015,Male,16,ANTHONY,1766,
2795,2015,Male,17,ISAAC,1714,
2796,2015,Male,18,MASON,1694,
2797,2015,Male,19,DYLAN,1681,
2798,2015,Male,20,ANDREW,1607,
2799,2015,Male,21,JAMES,1537,
2800,2015,Male,22,ANGEL,1534,
2801,2015,Male,23,JOSEPH,1518,
2802,2015,Male,24,ADRIAN,1517,
2803,2015,Male,25,ELIJAH,1509,
2703,2014,Female,1,SOPHIA,3174,
2704,2014,Female,2,ISABELLA,2713,
2705,2014,Female,3,EMMA,2675,
2706,2014,Female,4,MIA,2619,
2707,2014,Female,5,OLIVIA,2411,
2708,2014,Female,6,EMILY,2267,
2709,2014,Female,7,SOFIA,2094,
2710,2014,Female,8,VICTORIA,1701,
2711,2014,Female,9,ABIGAIL,1524,
2712,2014,Female,10,CAMILA,1482,
2713,2014,Female,11,AVA,1434,
2714,2014,Female,12,SAMANTHA,1194,
2715,2014,Female,13,CHARLOTTE,1122,
2716,2014,Female,14,EVELYN,1110,
2717,2014,Female,15,ELIZABETH,1085,
2718,2014,Female,16,NATALIE,1066,
2719,2014,Female,17,CHLOE,1051,
2720,2014,Female,18,MADISON,988,
2721,2014,Female,19,GENESIS,973,
2722,2014,Female,20,SCARLETT,966,
2723,2014,Female,21,GRACE,949,
2724,2014,Female,22,ZOE,923,
2725,2014,Female,23,MELANIE,918,
2726,2014,Female,24,ALLISON,905,
2727,2014,Female,25,AUDREY,902,
2728,2014,Male,1,NOAH,2766,
2729,2014,Male,2,JACOB,2694,
2730,2014,Male,3,ETHAN,2561,
2731,2014,Male,4,DANIEL,2550,
2732,2014,Male,5,ALEXANDER,2485,
2733,2014,Male,6,MATTHEW,2468,
2734,2014,Male,7,JAYDEN,2366,
2735,2014,Male,8,ANTHONY,2074,
2736,2014,Male,9,SEBASTIAN,2029,
2737,2014,Male,10,DAVID,2004,
2738,2014,Male,11,MICHAEL,1989,
2739,2014,Male,12,JULIAN,1906,
2740,2014,Male,13,ANDREW,1904,
2741,2014,Male,14,BENJAMIN,1873,
2742,2014,Male,15,AIDEN,1867,
2743,2014,Male,16,NATHAN,1865,
2744,2014,Male,17,LIAM,1861,
2745,2014,Male,18,MASON,1819,
2746,2014,Male,19,ISAAC,1795,
2747,2014,Male,20,ANGEL,1650,
2748,2014,Male,21,AARON,1649,
2749,2014,Male,22,DYLAN,1647,
2750,2014,Male,23,JAMES,1583,
2751,2014,Male,24,ADRIAN,1576,
2752,2014,Male,25,LOGAN,1546,
2652,2013,Female,1,SOPHIA,3447,
2653,2013,Female,2,ISABELLA,2777,
2654,2013,Female,3,MIA,2586,
2655,2013,Female,4,EMMA,2477,
2656,2013,Female,5,EMILY,2280,
2657,2013,Female,6,OLIVIA,2152,
2658,2013,Female,7,SOFIA,1977,
2659,2013,Female,8,ABIGAIL,1490,
2660,2013,Female,9,CAMILA,1484,
2661,2013,Female,10,SAMANTHA,1403,
2662,2013,Female,11,VICTORIA,1379,
2663,2013,Female,12,AVA,1341,
2664,2013,Female,13,NATALIE,1138,
2665,2013,Female,14,ELIZABETH,1058,
2666,2013,Female,15,CHARLOTTE,1057,
2667,2013,Female,16,CHLOE,1044,
2668,2013,Female,17,GENESIS,1004,
2669,2013,Female,18,AUDREY,992,
2670,2013,Female,19,MADISON,973,
2671,2013,Female,20,EVELYN,959,
2672,2013,Female,21,ZOE,894,
2673,2013,Female,22,MELANIE,876,
2674,2013,Female,23,GRACE,870,
2675,2013,Female,24,ALEXA,824,
2676,2013,Female,25,SCARLETT,820,
2677,2013,Male,1,JACOB,2879,
2678,2013,Male,2,ETHAN,2655,
2679,2013,Male,3,DANIEL,2598,
2680,2013,Male,4,JAYDEN,2576,
2681,2013,Male,5,MATTHEW,2553,
2682,2013,Male,6,NOAH,2542,
2683,2013,Male,7,ALEXANDER,2374,
2684,2013,Male,8,ANTHONY,2225,
2685,2013,Male,9,NATHAN,2075,
2686,2013,Male,10,DAVID,2039,
2687,2013,Male,11,MICHAEL,1969,
2688,2013,Male,12,ANDREW,1919,
2689,2013,Male,13,JULIAN,1858,
2690,2013,Male,14,BENJAMIN,1844,
2691,2013,Male,15,ISAAC,1763,
2692,2013,Male,16,AIDEN,1761,
2693,2013,Male,17,ANGEL,1758,
2694,2013,Male,18,MASON,1740,
2695,2013,Male,19,LIAM,1692,
2696,2013,Male,20,ADRIAN,1677,
2697,2013,Male,21,SEBASTIAN,1661,
2698,2013,Male,22,DYLAN,1631,
2699,2013,Male,23,JOSHUA,1616,
2700,2013,Male,24,JOSEPH,1535,
2701,2013,Male,25,AARON,1519,
2702,2013,Male,25,JONATHAN,1519,
2602,2012,Female,1,SOPHIA,3621,
2603,2012,Female,2,ISABELLA,3085,
2604,2012,Female,3,EMMA,2437,
2605,2012,Female,4,EMILY,2419,
2606,2012,Female,5,MIA,2315,
2607,2012,Female,6,OLIVIA,1899,
2608,2012,Female,7,SOFIA,1679,
2609,2012,Female,8,ABIGAIL,1642,
2610,2012,Female,9,SAMANTHA,1444,
2611,2012,Female,10,CAMILA,1412,
2612,2012,Female,11,AVA,1405,
2613,2012,Female,12,VICTORIA,1305,
2614,2012,Female,13,NATALIE,1290,
2615,2012,Female,14,ELIZABETH,1095,
2616,2012,Female,15,CHLOE,1092,
2617,2012,Female,16,EVELYN,1038,
2618,2012,Female,17,GENESIS,1029,
2619,2012,Female,18,ASHLEY,998,
2620,2012,Female,19,MADISON,986,
2621,2012,Female,19,ZOE,986,
2622,2012,Female,21,CHARLOTTE,911,
2623,2012,Female,22,HAILEY,899,
2624,2012,Female,23,MELANIE,886,
2625,2012,Female,24,AUDREY,855,
2626,2012,Female,25,KIMBERLY,850,
2627,2012,Male,1,JACOB,2959,
2628,2012,Male,2,JAYDEN,2850,
2629,2012,Male,3,ETHAN,2665,
2630,2012,Male,4,DANIEL,2661,
2631,2012,Male,5,MATTHEW,2624,
2632,2012,Male,6,NOAH,2502,
2633,2012,Male,7,ALEXANDER,2415,
2634,2012,Male,8,ANTHONY,2412,
2635,2012,Male,9,NATHAN,2230,
2636,2012,Male,10,DAVID,2147,
2637,2012,Male,11,ANDREW,2138,
2638,2012,Male,12,MICHAEL,1988,
2639,2012,Male,13,AIDEN,1982,
2640,2012,Male,14,ANGEL,1946,
2641,2012,Male,15,ISAAC,1859,
2642,2012,Male,16,JULIAN,1844,
2643,2012,Male,17,MASON,1825,
2644,2012,Male,18,ADRIAN,1787,
2645,2012,Male,19,JONATHAN,1728,
2646,2012,Male,20,CHRISTOPHER,1716,
2647,2012,Male,21,JOSHUA,1715,
2648,2012,Male,22,BENJAMIN,1671,
2649,2012,Male,23,JOSEPH,1635,
2650,2012,Male,24,LIAM,1608,
2651,2012,Male,25,JOSE,1571,
2552,2011,Female,1,SOPHIA,3549,
2553,2011,Female,2,ISABELLA,3049,
2554,2011,Female,3,EMILY,2389,
2555,2011,Female,4,MIA,2301,
2556,2011,Female,5,EMMA,2113,
2557,2011,Female,6,OLIVIA,1785,
2558,2011,Female,7,SOFIA,1566,
2559,2011,Female,8,ABIGAIL,1556,
2560,2011,Female,9,SAMANTHA,1544,
2561,2011,Female,10,NATALIE,1488,
2562,2011,Female,11,CAMILA,1449,
2563,2011,Female,12,AVA,1373,
2564,2011,Female,13,VICTORIA,1279,
2565,2011,Female,14,CHLOE,1272,
2566,2011,Female,15,ELIZABETH,1199,
2567,2011,Female,16,ASHLEY,1152,
2568,2011,Female,17,MADISON,1104,
2569,2011,Female,18,EVELYN,1058,
2570,2011,Female,19,KIMBERLY,989,
2571,2011,Female,20,ALYSSA,932,
2572,2011,Female,20,ANDREA,932,
2573,2011,Female,22,HAILEY,929,
2574,2011,Female,23,ELLA,913,
2575,2011,Female,24,ALEXA,905,
2576,2011,Female,25,ZOE,899,
2577,2011,Male,1,JACOB,3153,
2578,2011,Male,2,DANIEL,2885,
2579,2011,Male,3,JAYDEN,2744,
2580,2011,Male,4,ANTHONY,2677,
2581,2011,Male,5,MATTHEW,2459,
2582,2011,Male,6,ALEXANDER,2454,
2583,2011,Male,7,ETHAN,2384,
2584,2011,Male,8,DAVID,2293,
2585,2011,Male,9,ANDREW,2278,
2586,2011,Male,10,NATHAN,2242,
2587,2011,Male,11,NOAH,2215,
2588,2011,Male,12,ANGEL,2161,
2589,2011,Male,13,MICHAEL,2095,
2590,2011,Male,14,JULIAN,1933,
2591,2011,Male,15,JOSHUA,1906,
2592,2011,Male,16,AIDEN,1903,
2593,2011,Male,17,JONATHAN,1869,
2594,2011,Male,18,ISAAC,1863,
2595,2011,Male,19,MASON,1830,
2596,2011,Male,20,ADRIAN,1810,
2597,2011,Male,21,CHRISTOPHER,1773,
2598,2011,Male,22,JOSEPH,1759,
2599,2011,Male,23,JOSE,1671,
2600,2011,Male,24,BENJAMIN,1587,
2601,2011,Male,25,AARON,1530,
2502,2010,Female,1,ISABELLA,3354,
2503,2010,Female,2,SOPHIA,3352,
2504,2010,Female,3,EMILY,2385,
2505,2010,Female,4,MIA,2008,
2506,2010,Female,5,EMMA,1774,
2507,2010,Female,6,SAMANTHA,1669,
2508,2010,Female,7,OLIVIA,1630,
2509,2010,Female,8,ABIGAIL,1617,
2510,2010,Female,9,NATALIE,1466,
2511,2010,Female,10,AVA,1403,
2512,2010,Female,11,SOFIA,1395,
2513,2010,Female,12,CHLOE,1366,
2514,2010,Female,13,ASHLEY,1312,
2515,2010,Female,14,CAMILA,1218,
2516,2010,Female,15,ELIZABETH,1119,
2517,2010,Female,16,VICTORIA,1071,
2518,2010,Female,17,ALYSSA,1065,
2519,2010,Female,18,BRIANNA,1052,
2520,2010,Female,19,MADISON,1034,
2521,2010,Female,20,KIMBERLY,1002,
2522,2010,Female,21,ALEXA,991,
2523,2010,Female,22,VALERIA,981,
2524,2010,Female,23,EVELYN,976,
2525,2010,Female,24,HAILEY,912,
2526,2010,Female,25,BELLA,902,
2527,2010,Male,1,JACOB,3335,
2528,2010,Male,2,DANIEL,3132,
2529,2010,Male,3,ANTHONY,2850,
2530,2010,Male,4,ALEXANDER,2593,
2531,2010,Male,5,ANGEL,2553,
2532,2010,Male,6,ETHAN,2457,
2533,2010,Male,7,JAYDEN,2431,
2534,2010,Male,8,DAVID,2412,
2535,2010,Male,9,ANDREW,2372,
2536,2010,Male,10,NATHAN,2262,
2537,2010,Male,11,MATTHEW,2216,
2538,2010,Male,12,JOSHUA,2121,
2539,2010,Male,13,NOAH,2114,
2540,2010,Male,14,MICHAEL,2088,
2541,2010,Male,15,CHRISTOPHER,2027,
2542,2010,Male,16,JONATHAN,1987,
2543,2010,Male,17,ADRIAN,1964,
2544,2010,Male,18,JOSE,1936,
2545,2010,Male,19,AIDEN,1935,
2546,2010,Male,20,JULIAN,1904,
2547,2010,Male,21,JOSEPH,1853,
2548,2010,Male,22,ISAAC,1765,
2549,2010,Male,23,GABRIEL,1635,
2550,2010,Male,24,CHRISTIAN,1594,
2551,2010,Male,25,BRANDON,1562,
2452,2009,Female,1,ISABELLA,3156,
2453,2009,Female,2,SOPHIA,2653,
2454,2009,Female,3,EMILY,2536,
2455,2009,Female,4,MIA,2102,
2456,2009,Female,5,SAMANTHA,1832,
2457,2009,Female,6,NATALIE,1729,
2458,2009,Female,7,EMMA,1708,
2459,2009,Female,8,ASHLEY,1618,
2460,2009,Female,9,ABIGAIL,1552,
2461,2009,Female,10,OLIVIA,1550,
2462,2009,Female,11,AVA,1338,
2463,2009,Female,12,ELIZABETH,1306,
2464,2009,Female,13,CHLOE,1304,
2465,2009,Female,14,VALERIA,1252,
2466,2009,Female,15,SOFIA,1231,
2467,2009,Female,16,MADISON,1216,
2468,2009,Female,17,ALYSSA,1204,
2469,2009,Female,18,BRIANNA,1189,
2470,2009,Female,19,KIMBERLY,1119,
2471,2009,Female,20,CAMILA,1053,
2472,2009,Female,21,ANDREA,1050,
2473,2009,Female,22,ALEXA,1026,
2474,2009,Female,23,VICTORIA,1002,
2475,2009,Female,24,ALEXIS,980,
2476,2009,Female,24,EVELYN,980,
2477,2009,Male,1,DANIEL,3390,
2478,2009,Male,2,ANTHONY,3077,
2479,2009,Male,3,ANGEL,3034,
2480,2009,Male,4,JACOB,2954,
2481,2009,Male,5,ALEXANDER,2875,
2482,2009,Male,6,ETHAN,2667,
2483,2009,Male,7,DAVID,2625,
2484,2009,Male,8,ANDREW,2580,
2485,2009,Male,9,MATTHEW,2420,
2486,2009,Male,10,JOSHUA,2407,
2487,2009,Male,11,CHRISTOPHER,2386,
2488,2009,Male,12,MICHAEL,2338,
2489,2009,Male,13,NATHAN,2334,
2490,2009,Male,14,JAYDEN,2262,
2491,2009,Male,15,JOSE,2177,
2492,2009,Male,16,ADRIAN,2099,
2493,2009,Male,17,JOSEPH,2091,
2494,2009,Male,18,JONATHAN,2057,
2495,2009,Male,19,NOAH,2050,
2496,2009,Male,20,ISAAC,1855,
2497,2009,Male,21,AIDEN,1803,
2498,2009,Male,22,CHRISTIAN,1762,
2499,2009,Male,23,JULIAN,1759,
2500,2009,Male,24,DIEGO,1749,
2501,2009,Male,25,BRANDON,1720,
2402,2008,Female,1,ISABELLA,2780,
2403,2008,Female,2,EMILY,2770,
2404,2008,Female,3,SOPHIA,2565,
2405,2008,Female,4,SAMANTHA,2255,
2406,2008,Female,5,ASHLEY,2039,
2407,2008,Female,6,NATALIE,1875,
2408,2008,Female,7,MIA,1844,
2409,2008,Female,8,EMMA,1738,
2410,2008,Female,9,ABIGAIL,1570,
2411,2008,Female,10,AVA,1468,
2412,2008,Female,11,OLIVIA,1418,
2413,2008,Female,12,MADISON,1410,
2414,2008,Female,13,ELIZABETH,1409,
2415,2008,Female,14,VALERIA,1374,
2416,2008,Female,15,ALYSSA,1357,
2417,2008,Female,16,CHLOE,1355,
2418,2008,Female,17,SOFIA,1328,
2419,2008,Female,18,KIMBERLY,1318,
2420,2008,Female,19,BRIANNA,1230,
2421,2008,Female,20,VICTORIA,1145,
2422,2008,Female,21,ANDREA,1110,
2423,2008,Female,22,CAMILA,1100,
2424,2008,Female,23,JOCELYN,1089,
2425,2008,Female,24,JASMINE,1040,
2426,2008,Female,25,VANESSA,1030,
2427,2008,Male,1,DANIEL,3734,
2428,2008,Male,2,ANTHONY,3624,
2429,2008,Male,3,ANGEL,3194,
2430,2008,Male,4,JACOB,3016,
2431,2008,Male,5,DAVID,2908,
2432,2008,Male,6,ALEXANDER,2865,
2433,2008,Male,7,ANDREW,2829,
2434,2008,Male,8,JOSHUA,2745,
2435,2008,Male,9,CHRISTOPHER,2607,
2436,2008,Male,10,JOSE,2574,
2437,2008,Male,11,MATTHEW,2535,
2438,2008,Male,12,ETHAN,2518,
2439,2008,Male,13,NATHAN,2516,
2440,2008,Male,14,MICHAEL,2505,
2441,2008,Male,15,JONATHAN,2306,
2442,2008,Male,16,JOSEPH,2208,
2443,2008,Male,17,DIEGO,2146,
2444,2008,Male,18,ADRIAN,2140,
2445,2008,Male,19,JAYDEN,2050,
2446,2008,Male,20,BRANDON,2013,
2447,2008,Male,21,ISAAC,1964,
2448,2008,Male,22,NOAH,1933,
2449,2008,Male,23,KEVIN,1915,
2450,2008,Male,24,CHRISTIAN,1882,
2451,2008,Male,25,RYAN,1831,
2352,2007,Female,1,EMILY,2954,
2353,2007,Female,2,ISABELLA,2918,
2354,2007,Female,3,SOPHIA,2596,
2355,2007,Female,4,ASHLEY,2517,
2356,2007,Female,5,SAMANTHA,2366,
2357,2007,Female,6,MIA,2060,
2358,2007,Female,7,NATALIE,1908,
2359,2007,Female,8,EMMA,1628,
2360,2007,Female,9,ALYSSA,1556,
2361,2007,Female,10,JOCELYN,1516,
2362,2007,Female,11,ELIZABETH,1507,
2363,2007,Female,12,AVA,1480,
2364,2007,Female,13,ABIGAIL,1432,
2365,2007,Female,14,KIMBERLY,1409,
2366,2007,Female,15,MADISON,1349,
2367,2007,Female,16,OLIVIA,1335,
2368,2007,Female,17,BRIANNA,1331,
2369,2007,Female,18,SOFIA,1318,
2370,2007,Female,19,JASMINE,1300,
2371,2007,Female,20,ANDREA,1269,
2372,2007,Female,21,VANESSA,1209,
2373,2007,Female,22,HANNAH,1172,
2374,2007,Female,23,CHLOE,1168,
2375,2007,Female,24,ALEXA,1158,
2376,2007,Female,25,VICTORIA,1141,
2377,2007,Male,1,DANIEL,3848,
2378,2007,Male,2,ANTHONY,3773,
2379,2007,Male,3,ANGEL,3539,
2380,2007,Male,4,DAVID,3111,
2381,2007,Male,5,JACOB,3108,
2382,2007,Male,6,ANDREW,3015,
2383,2007,Male,7,CHRISTOPHER,2978,
2384,2007,Male,8,JOSHUA,2870,
2385,2007,Male,9,JOSE,2853,
2386,2007,Male,10,DIEGO,2620,
2387,2007,Male,11,ALEXANDER,2599,
2388,2007,Male,12,MATTHEW,2574,
2389,2007,Male,13,MICHAEL,2548,
2390,2007,Male,14,ETHAN,2511,
2391,2007,Male,15,JONATHAN,2493,
2392,2007,Male,16,NATHAN,2452,
2393,2007,Male,17,JOSEPH,2292,
2394,2007,Male,18,ADRIAN,2150,
2395,2007,Male,19,BRANDON,2146,
2396,2007,Male,20,KEVIN,2084,
2397,2007,Male,21,CHRISTIAN,2059,
2398,2007,Male,22,LUIS,2011,
2399,2007,Male,23,RYAN,1974,
2400,2007,Male,24,ISAAC,1973,
2401,2007,Male,25,NOAH,1936,
2302,2006,Female,1,EMILY,3088,
2303,2006,Female,2,ISABELLA,2786,
2304,2006,Female,3,ASHLEY,2605,
2305,2006,Female,4,MIA,2440,
2306,2006,Female,5,SAMANTHA,2336,
2307,2006,Female,6,NATALIE,2223,
2308,2006,Female,7,SOPHIA,1967,
2309,2006,Female,8,EMMA,1544,
2310,2006,Female,9,ABIGAIL,1477,
2311,2006,Female,10,AVA,1469,
2312,2006,Female,11,MADISON,1435,
2313,2006,Female,12,ELIZABETH,1424,
2314,2006,Female,13,ALYSSA,1398,
2315,2006,Female,14,BRIANNA,1393,
2316,2006,Female,14,KIMBERLY,1393,
2317,2006,Female,16,JASMINE,1382,
2318,2006,Female,17,ANDREA,1317,
2319,2006,Female,18,JESSICA,1259,
2320,2006,Female,19,ALEXA,1241,
2321,2006,Female,20,OLIVIA,1209,
2322,2006,Female,21,HANNAH,1205,
2323,2006,Female,22,VALERIA,1203,
2324,2006,Female,23,ANGELINA,1157,
2325,2006,Female,24,SARAH,1154,
2326,2006,Female,25,JOCELYN,1143,
2327,2006,Male,1,DANIEL,3810,
2328,2006,Male,2,ANTHONY,3770,
2329,2006,Male,3,ANGEL,3720,
2330,2006,Male,4,JACOB,3190,
2331,2006,Male,5,DAVID,3135,
2332,2006,Male,6,ANDREW,3120,
2333,2006,Male,7,JOSE,3112,
2334,2006,Male,8,JOSHUA,3009,
2335,2006,Male,9,CHRISTOPHER,2869,
2336,2006,Male,10,DIEGO,2748,
2337,2006,Male,11,MATTHEW,2739,
2338,2006,Male,12,MICHAEL,2718,
2339,2006,Male,13,JONATHAN,2625,
2340,2006,Male,14,ALEXANDER,2487,
2341,2006,Male,15,NATHAN,2444,
2342,2006,Male,16,ETHAN,2391,
2343,2006,Male,17,JOSEPH,2359,
2344,2006,Male,18,CHRISTIAN,2196,
2345,2006,Male,19,ADRIAN,2108,
2346,2006,Male,20,JUAN,2080,
2347,2006,Male,21,LUIS,2077,
2348,2006,Male,22,BRANDON,2068,
2349,2006,Male,23,RYAN,2049,
2350,2006,Male,24,KEVIN,2046,
2351,2006,Male,25,JESUS,1950,
2252,2005,Female,1,EMILY,3276,
2253,2005,Female,2,ASHLEY,2777,
2254,2005,Female,3,SAMANTHA,2489,
2255,2005,Female,4,ISABELLA,2344,
2256,2005,Female,5,MIA,2184,
2257,2005,Female,6,NATALIE,2040,
2258,2005,Female,7,SOPHIA,1885,
2259,2005,Female,8,EMMA,1633,
2260,2005,Female,9,ALYSSA,1617,
2261,2005,Female,10,MADISON,1525,
2262,2005,Female,11,JASMINE,1521,
2263,2005,Female,12,ELIZABETH,1486,
2264,2005,Female,13,JESSICA,1410,
2265,2005,Female,14,KIMBERLY,1399,
2266,2005,Female,15,ABIGAIL,1372,
2267,2005,Female,16,BRIANNA,1351,
2268,2005,Female,17,JENNIFER,1292,
2269,2005,Female,18,AVA,1227,
2270,2005,Female,19,HANNAH,1218,
2271,2005,Female,20,SARAH,1212,
2272,2005,Female,21,ALEXIS,1204,
2273,2005,Female,22,ANDREA,1203,
2274,2005,Female,23,ANGELINA,1179,
2275,2005,Female,24,VANESSA,1154,
2276,2005,Female,25,STEPHANIE,1153,
2277,2005,Male,1,DANIEL,3902,
2278,2005,Male,2,ANTHONY,3721,
2279,2005,Male,3,ANGEL,3551,
2280,2005,Male,4,DAVID,3253,
2281,2005,Male,5,JOSHUA,3209,
2282,2005,Male,6,JOSE,3203,
2283,2005,Male,7,ANDREW,3139,
2284,2005,Male,8,JACOB,3097,
2285,2005,Male,9,MATTHEW,2850,
2286,2005,Male,10,MICHAEL,2742,
2287,2005,Male,11,JONATHAN,2635,
2288,2005,Male,12,CHRISTOPHER,2589,
2289,2005,Male,13,JOSEPH,2534,
2290,2005,Male,14,ALEXANDER,2448,
2291,2005,Male,15,NATHAN,2401,
2292,2005,Male,16,ETHAN,2361,
2293,2005,Male,17,RYAN,2331,
2294,2005,Male,18,DIEGO,2307,
2295,2005,Male,19,JUAN,2219,
2296,2005,Male,20,KEVIN,2195,
2297,2005,Male,21,BRANDON,2115,
2298,2005,Male,22,CHRISTIAN,2014,
2299,2005,Male,23,LUIS,2003,
2300,2005,Male,24,JESUS,1968,
2301,2005,Male,25,GABRIEL,1950,
2202,2004,Female,1,EMILY,3395,
2203,2004,Female,2,ASHLEY,2927,
2204,2004,Female,3,SAMANTHA,2479,
2205,2004,Female,4,ISABELLA,2443,
2206,2004,Female,5,NATALIE,1942,
2207,2004,Female,6,ALYSSA,1806,
2208,2004,Female,7,EMMA,1742,
2209,2004,Female,8,SOPHIA,1715,
2210,2004,Female,9,JESSICA,1705,
2211,2004,Female,10,JASMINE,1666,
2212,2004,Female,11,ELIZABETH,1595,
2213,2004,Female,12,MADISON,1575,
2214,2004,Female,13,JENNIFER,1486,
2215,2004,Female,14,KIMBERLY,1460,
2216,2004,Female,15,ALEXIS,1437,
2217,2004,Female,16,ANDREA,1376,
2218,2004,Female,17,ABIGAIL,1318,
2219,2004,Female,18,HANNAH,1315,
2220,2004,Female,19,SARAH,1305,
2221,2004,Female,20,VANESSA,1302,
2222,2004,Female,21,MIA,1272,
2223,2004,Female,22,STEPHANIE,1249,
2224,2004,Female,23,BRIANNA,1223,
2225,2004,Female,24,MICHELLE,1154,
2226,2004,Female,25,OLIVIA,1149,
2227,2004,Male,1,DANIEL,4162,
2228,2004,Male,2,ANTHONY,3799,
2229,2004,Male,3,ANDREW,3471,
2230,2004,Male,4,JOSE,3391,
2231,2004,Male,5,JACOB,3330,
2232,2004,Male,6,JOSHUA,3292,
2233,2004,Male,7,DAVID,3248,
2234,2004,Male,8,ANGEL,3241,
2235,2004,Male,9,MATTHEW,2855,
2236,2004,Male,10,MICHAEL,2847,
2237,2004,Male,11,CHRISTOPHER,2758,
2238,2004,Male,12,JONATHAN,2546,
2239,2004,Male,13,RYAN,2509,
2240,2004,Male,14,ALEXANDER,2446,
2241,2004,Male,15,JOSEPH,2429,
2242,2004,Male,16,ETHAN,2365,
2243,2004,Male,17,NATHAN,2305,
2244,2004,Male,18,BRANDON,2207,
2245,2004,Male,19,KEVIN,2136,
2246,2004,Male,20,JUAN,2111,
2247,2004,Male,21,CHRISTIAN,2030,
2248,2004,Male,22,JESUS,2016,
2249,2004,Male,23,NICHOLAS,1998,
2250,2004,Male,24,DIEGO,1983,
2251,2004,Male,25,LUIS,1961,
2152,2003,Female,1,EMILY,3398,
2153,2003,Female,2,ASHLEY,2732,
2154,2003,Female,3,SAMANTHA,2571,
2155,2003,Female,4,ISABELLA,2173,
2156,2003,Female,5,ALYSSA,1920,
2157,2003,Female,6,EMMA,1832,
2158,2003,Female,7,NATALIE,1817,
2159,2003,Female,8,JESSICA,1756,
2160,2003,Female,9,JENNIFER,1697,
2161,2003,Female,10,ELIZABETH,1666,
2162,2003,Female,11,JASMINE,1608,
2163,2003,Female,12,ALEXIS,1549,
2164,2003,Female,13,SOPHIA,1527,
2165,2003,Female,14,MADISON,1454,
2166,2003,Female,15,SARAH,1417,
2167,2003,Female,16,KIMBERLY,1410,
2168,2003,Female,17,HANNAH,1375,
2169,2003,Female,18,STEPHANIE,1330,
2170,2003,Female,19,VANESSA,1327,
2171,2003,Female,20,ANDREA,1320,
2172,2003,Female,21,BRIANNA,1295,
2173,2003,Female,22,ABIGAIL,1264,
2174,2003,Female,23,MARIA,1249,
2175,2003,Female,24,MICHELLE,1239,
2176,2003,Female,25,MIA,1226,
2177,2003,Male,1,DANIEL,4017,
2178,2003,Male,2,ANTHONY,3918,
2179,2003,Male,3,ANDREW,3443,
2180,2003,Male,4,JOSE,3363,
2181,2003,Male,5,JACOB,3347,
2182,2003,Male,6,DAVID,3344,
2183,2003,Male,7,ANGEL,3241,
2184,2003,Male,8,JOSHUA,3202,
2185,2003,Male,9,MICHAEL,3087,
2186,2003,Male,10,MATTHEW,2967,
2187,2003,Male,11,CHRISTOPHER,2785,
2188,2003,Male,12,JOSEPH,2704,
2189,2003,Male,13,JONATHAN,2697,
2190,2003,Male,14,RYAN,2560,
2191,2003,Male,15,ALEXANDER,2365,
2192,2003,Male,16,BRANDON,2361,
2193,2003,Male,17,KEVIN,2265,
2194,2003,Male,18,ETHAN,2228,
2195,2003,Male,19,NATHAN,2113,
2196,2003,Male,20,JUAN,2072,
2197,2003,Male,21,LUIS,2063,
2198,2003,Male,22,CHRISTIAN,2060,
2199,2003,Male,23,NICHOLAS,2003,
2200,2003,Male,24,GABRIEL,1967,
2201,2003,Male,25,JESUS,1891,
2102,2002,Female,1,EMILY,3011,
2103,2002,Female,2,ASHLEY,2670,
2104,2002,Female,3,SAMANTHA,2535,
2105,2002,Female,4,JESSICA,1994,
2106,2002,Female,5,JENNIFER,1977,
2107,2002,Female,6,ISABELLA,1873,
2108,2002,Female,7,ALYSSA,1869,
2109,2002,Female,8,ELIZABETH,1699,
2110,2002,Female,9,JASMINE,1659,
2111,2002,Female,10,NATALIE,1638,
2112,2002,Female,11,ALEXIS,1581,
2113,2002,Female,12,SARAH,1549,
2114,2002,Female,13,MADISON,1527,
2115,2002,Female,14,HANNAH,1485,
2116,2002,Female,15,STEPHANIE,1463,
2117,2002,Female,16,BRIANNA,1453,
2118,2002,Female,17,ANDREA,1340,
2119,2002,Female,18,SOPHIA,1323,
2120,2002,Female,19,MARIA,1306,
2121,2002,Female,20,EMMA,1287,
2122,2002,Female,21,MICHELLE,1277,
2123,2002,Female,22,VANESSA,1258,
2124,2002,Female,23,VICTORIA,1211,
2125,2002,Female,24,KIMBERLY,1206,
2126,2002,Female,24,LESLIE,1206,
2127,2002,Male,1,DANIEL,4101,
2128,2002,Male,2,ANTHONY,3755,
2129,2002,Male,3,JOSE,3546,
2130,2002,Male,4,ANDREW,3523,
2131,2002,Male,5,JACOB,3358,
2132,2002,Male,6,JOSHUA,3348,
2133,2002,Male,7,MICHAEL,3205,
2134,2002,Male,8,DAVID,3173,
2135,2002,Male,9,MATTHEW,3071,
2136,2002,Male,10,ANGEL,2912,
2137,2002,Male,11,CHRISTOPHER,2886,
2138,2002,Male,12,JONATHAN,2719,
2139,2002,Male,13,JOSEPH,2676,
2140,2002,Male,14,ALEXANDER,2382,
2141,2002,Male,15,KEVIN,2344,
2142,2002,Male,16,RYAN,2281,
2143,2002,Male,17,BRANDON,2257,
2144,2002,Male,17,CHRISTIAN,2257,
2145,2002,Male,19,ETHAN,2252,
2146,2002,Male,20,NICHOLAS,2190,
2147,2002,Male,21,JUAN,2047,
2148,2002,Male,22,LUIS,1984,
2149,2002,Male,23,JESUS,1976,
2150,2002,Male,24,NATHAN,1934,
2151,2002,Male,25,JUSTIN,1926,
2052,2001,Female,1,EMILY,2921,
2053,2001,Female,2,ASHLEY,2707,
2054,2001,Female,3,SAMANTHA,2518,
2055,2001,Female,4,JESSICA,2226,
2056,2001,Female,5,ALYSSA,2051,
2057,2001,Female,6,JENNIFER,2015,
2058,2001,Female,7,NATALIE,1715,
2059,2001,Female,8,ELIZABETH,1681,
2060,2001,Female,9,ALEXIS,1662,
2061,2001,Female,10,JASMINE,1651,
2062,2001,Female,11,SARAH,1592,
2063,2001,Female,12,MADISON,1590,
2064,2001,Female,13,HANNAH,1572,
2065,2001,Female,14,ANDREA,1511,
2066,2001,Female,15,STEPHANIE,1503,
2067,2001,Female,16,ISABELLA,1474,
2068,2001,Female,17,VANESSA,1440,
2069,2001,Female,18,BRIANNA,1399,
2070,2001,Female,19,KIMBERLY,1361,
2071,2001,Female,20,MARIA,1357,
2072,2001,Female,21,KAYLA,1205,
2073,2001,Female,22,DESTINY,1200,
2074,2001,Female,22,JACQUELINE,1200,
2075,2001,Female,24,MICHELLE,1193,
2076,2001,Female,25,VICTORIA,1188,
2077,2001,Male,1,DANIEL,4142,
2078,2001,Male,2,ANTHONY,3801,
2079,2001,Male,3,ANDREW,3420,
2080,2001,Male,4,JOSE,3419,
2081,2001,Male,5,JACOB,3363,
2082,2001,Male,6,DAVID,3323,
2083,2001,Male,7,MICHAEL,3266,
2084,2001,Male,8,JOSHUA,3196,
2085,2001,Male,9,MATTHEW,3069,
2086,2001,Male,10,CHRISTOPHER,3006,
2087,2001,Male,11,JONATHAN,2853,
2088,2001,Male,12,JOSEPH,2708,
2089,2001,Male,13,ANGEL,2492,
2090,2001,Male,14,KEVIN,2391,
2091,2001,Male,15,CHRISTIAN,2324,
2092,2001,Male,16,NICHOLAS,2309,
2093,2001,Male,17,RYAN,2308,
2094,2001,Male,18,BRANDON,2265,
2095,2001,Male,19,LUIS,2136,
2096,2001,Male,20,JESUS,2082,
2097,2001,Male,21,ALEXANDER,2065,
2098,2001,Male,22,JUSTIN,2005,
2099,2001,Male,23,JUAN,1983,
2100,2001,Male,24,CARLOS,1916,
2101,2001,Male,25,GABRIEL,1758,
2002,2000,Female,1,EMILY,2955,
2003,2000,Female,2,ASHLEY,2815,
2004,2000,Female,3,SAMANTHA,2576,
2005,2000,Female,4,JESSICA,2467,
2006,2000,Female,5,JENNIFER,2256,
2007,2000,Female,6,ALYSSA,2003,
2008,2000,Female,7,HANNAH,1849,
2009,2000,Female,8,SARAH,1847,
2010,2000,Female,9,ELIZABETH,1830,
2011,2000,Female,10,ALEXIS,1825,
2012,2000,Female,11,VANESSA,1628,
2013,2000,Female,12,JASMINE,1599,
2014,2000,Female,13,STEPHANIE,1585,
2015,2000,Female,14,NATALIE,1578,
2016,2000,Female,15,JACQUELINE,1551,
2017,2000,Female,16,MARIA,1465,
2018,2000,Female,17,BRIANNA,1442,
2019,2000,Female,18,MADISON,1433,
2020,2000,Female,19,ANDREA,1409,
2021,2000,Female,20,KIMBERLY,1394,
2022,2000,Female,21,LAUREN,1383,
2023,2000,Female,22,MICHELLE,1360,
2024,2000,Female,23,VICTORIA,1288,
2025,2000,Female,24,DESTINY,1188,
2026,2000,Female,25,NICOLE,1162,
2027,2000,Male,1,DANIEL,4323,
2028,2000,Male,2,ANTHONY,3823,
2029,2000,Male,3,JOSE,3773,
2030,2000,Male,4,ANDREW,3572,
2031,2000,Male,5,MICHAEL,3538,
2032,2000,Male,6,JACOB,3501,
2033,2000,Male,7,JOSHUA,3338,
2034,2000,Male,8,CHRISTOPHER,3311,
2035,2000,Male,9,DAVID,3263,
2036,2000,Male,10,MATTHEW,3238,
2037,2000,Male,11,JONATHAN,2979,
2038,2000,Male,12,JOSEPH,2742,
2039,2000,Male,13,BRANDON,2614,
2040,2000,Male,14,NICHOLAS,2569,
2041,2000,Male,15,RYAN,2549,
2042,2000,Male,16,CHRISTIAN,2437,
2043,2000,Male,17,ANGEL,2353,
2044,2000,Male,18,KEVIN,2351,
2045,2000,Male,19,LUIS,2285,
2046,2000,Male,20,JUAN,2215,
2047,2000,Male,21,ALEXANDER,2173,
2048,2000,Male,22,JUSTIN,2156,
2049,2000,Male,23,JESUS,1889,
2050,2000,Male,24,CARLOS,1773,
2051,2000,Male,25,BRIAN,1738,
,,,,,,
,,,,,,
,,,,,,
,,,,,,
,,,,,,
,,,,,,
,,,,,,
,,,,,,
,,,,,,
,,,,,,
,,,,,,
,,,,,,
,,,,,,
,,,,,,
,,,,,,
,,,,,,
,,,,,,
,,,,,,
,,,,,,
,,,,,,
,,,,,,
,,,,,,
,,,,,,
,,,,,,
,,,,,,
,,,,,,
,,,,,,
,,,,,,
,,,,,,
,,,,,,
,,,,,,
,,,,,,
,,,,,,
,,,,,,
,,,,,,
,,,,,,
,,,,,,
,,,,,,
,,,,,,
,,,,,,
,,,,,,
,,,,,,
,,,,,,
,,,,,,
,,,,,,
,,,,,,
,,,,,,
,,,,,,
,,,,,,
,,,,,,
,,,,,,
,,,,,,
,,,,,,
,,,,,,
,,,,,,
,,,,,,
,,,,,,
,,,,,,
,,,,,,
,,,,,,
,,,,,,
,,,,,,
,,,,,,
,,,,,,
,,,,,,
,,,,,,
,,,,,,
,,,,,,
,,,,,,
,,,,,,
,,,,,,
,,,,,,
,,,,,,
,,,,,,
,,,,,,
,,,,,,
,,,,,,
,,,,,,
,,,,,,
,,,,,,
,,,,,,
,,,,,,
,,,,,,
,,,,,,
,,,,,,
,,,,,,
,,,,,,
,,,,,,
,,,,,,
,,,,,,
,,,,,,
,,,,,,
,,,,,,
,,,,,,
,,,,,,
,,,,,,
,,,,,,
,,,,,,
,,,,,,
,,,,,,
,,,,,,
,,,,,,
,,,,,,
,,,,,,
,,,,,,
,,,,,,
,,,,,,
,,,,,,
,,,,,,
,,,,,,
,,,,,,
,,,,,,
,,,,,,
,,,,,,
,,,,,,
,,,,,,
,,,,,,
,,,,,,
,,,,,,
,,,,,,
,,,,,,
,,,,,,
,,,,,,
,,,,,,
,,,,,,
,,,,,,
,,,,,,
,,,,,,
,,,,,,
,,,,,,
,,,,,,
,,,,,,
,,,,,,
,,,,,,
,,,,,,
,,,,,,
,,,,,,
,,,,,,
,,,,,,
,,,,,,
,,,,,,
,,,,,,
,,,,,,
,,,,,,
,,,,,,
,,,,,,
,,,,,,
,,,,,,
,,,,,,
,,,,,,
,,,,,,
,,,,,,
,,,,,,
,,,,,,
,,,,,,
,,,,,,
,,,,,,
,,,,,,
,,,,,,
,,,,,,
,,,,,,
,,,,,,
,,,,,,
,,,,,,
,,,,,,
,,,,,,
,,,,,,
,,,,,,
,,,,,,
,,,,,,
,,,,,,
,,,,,,
,,,,,,
,,,,,,
,,,,,,
,,,,,,
,,,,,,
,,,,,,
,,,,,,
,,,,,,
,,,,,,
,,,,,,
,,,,,,
,,,,,,
,,,,,,
,,,,,,
,,,,,,
,,,,,,
,,,,,,
,,,,,,
,,,,,,
,,,,,,
,,,,,,
,,,,,,
,,,,,,
,,,,,,
,,,,,,
,,,,,,
,,,,,,
,,,,,,
,,,,,,
,,,,,,
,,,,,,
,,,,,,
,,,,,,
,,,,,,
,,,,,,
,,,,,,
,,,,,,
,,,,,,
,,,,,,
,,,,,,
,,,,,,
,,,,,,
,,,,,,
,,,,,,
,,,,,,
,,,,,,
,,,,,,
,,,,,,
,,,,,,
,,,,,,
,,,,,,
,,,,,,
,,,,,,
,,,,,,
,,,,,,
,,,,,,
,,,,,,
,,,,,,
,,,,,,
,,,,,,
,,,,,,
,,,,,,
,,,,,,
,,,,,,
,,,,,,
,,,,,,
,,,,,,
,,,,,,
,,,,,,
,,,,,,
,,,,,,
,,,,,,
,,,,,,
,,,,,,
,,,,,,
,,,,,,
,,,,,,
,,,,,,
,,,,,,
,,,,,,
,,,,,,
,,,,,,
,,,,,,
,,,,,,
,,,,,,
,,,,,,
,,,,,,
,,,,,,
,,,,,,
,,,,,,
,,,,,,
,,,,,,
,,,,,,
,,,,,,
,,,,,,
,,,,,,
,,,,,,
,,,,,,
,,,,,,
,,,,,,
,,,,,,
,,,,,,
,,,,,,
,,,,,,
,,,,,,
,,,,,,
,,,,,,
,,,,,,
,,,,,,
,,,,,,
,,,,,,
,,,,,,
,,,,,,
,,,,,,
,,,,,,
,,,,,,
,,,,,,
,,,,,,
,,,,,,
,,,,,,
,,,,,,
,,,,,,
,,,,,,
,,,,,,
,,,,,,
,,,,,,
,,,,,,
,,,,,,
,,,,,,
,,,,,,
,,,,,,
,,,,,,
,,,,,,
,,,,,,
,,,,,,
,,,,,,
,,,,,,
,,,,,,
,,,,,,
,,,,,,
,,,,,,
,,,,,,
,,,,,,
,,,,,,
,,,,,,
,,,,,,
,,,,,,
,,,,,,
,,,,,,
,,,,,,
,,,,,,
,,,,,,
,,,,,,
,,,,,,
,,,,,,
,,,,,,
,,,,,,
,,,,,,
,,,,,,
,,,,,,
,,,,,,
,,,,,,
,,,,,,
,,,,,,
,,,,,,
,,,,,,
,,,,,,
,,,,,,
,,,,,,
,,,,,,
,,,,,,
,,,,,,
,,,,,,
,,,,,,
,,,,,,
,,,,,,
,,,,,,
,,,,,,
,,,,,,
,,,,,,
,,,,,,
,,,,,,
,,,,,,
,,,,,,
,,,,,,
,,,,,,
,,,,,,
,,,,,,
,,,,,,
,,,,,,
,,,,,,
,,,,,,
,,,,,,
,,,,,,
,,,,,,
,,,,,,
,,,,,,
,,,,,,
,,,,,,
,,,,,,
,,,,,,
,,,,,,
,,,,,,
,,,,,,
,,,,,,
,,,,,,
,,,,,,
,,,,,,
,,,,,,
,,,,,,
,,,,,,
,,,,,,
,,,,,,
,,,,,,
,,,,,,
,,,,,,
,,,,,,
,,,,,,
,,,,,,
,,,,,,
,,,,,,
,,,,,,
,,,,,,
,,,,,,
,,,,,,
,,,,,,
,,,,,,
,,,,,,
,,,,,,
,,,,,,
,,,,,,
,,,,,,
,,,,,,
,,,,,,
,,,,,,
,,,,,,
,,,,,,
,,,,,,
,,,,,,
,,,,,,
,,,,,,
,,,,,,
,,,,,,
,,,,,,
,,,,,,
,,,,,,
,,,,,,
,,,,,,
,,,,,,
,,,,,,
,,,,,,
,,,,,,
,,,,,,
,,,,,,
,,,,,,
,,,,,,
,,,,,,
,,,,,,
,,,,,,
,,,,,,
,,,,,,
,,,,,,
,,,,,,
,,,,,,
,,,,,,
,,,,,,
,,,,,,
,,,,,,
,,,,,,
,,,,,,
,,,,,,
,,,,,,
,,,,,,
,,,,,,
,,,,,,
,,,,,,
,,,,,,
,,,,,,
,,,,,,
,,,,,,
,,,,,,
,,,,,,
,,,,,,
,,,,,,
,,,,,,
,,,,,,
,,,,,,
,,,,,,
,,,,,,
,,,,,,
,,,,,,
,,,,,,
,,,,,,
,,,,,,
,,,,,,
,,,,,,
,,,,,,
,,,,,,
,,,,,,
,,,,,,
,,,,,,
,,,,,,
,,,,,,
,,,,,,
,,,,,,
,,,,,,
,,,,,,
,,,,,,
,,,,,,
,,,,,,
,,,,,,
,,,,,,
,,,,,,
,,,,,,
,,,,,,
,,,,,,
,,,,,,
,,,,,,
,,,,,,
,,,,,,
,,,,,,
,,,,,,
,,,,,,
,,,,,,
,,,,,,
,,,,,,
,,,,,,
,,,,,,
,,,,,,
,,,,,,
,,,,,,
,,,,,,
,,,,,,
,,,,,,
,,,,,,
,,,,,,
,,,,,,
,,,,,,
,,,,,,
,,,,,,
,,,,,,
,,,,,,
,,,,,,
,,,,,,
,,,,,,
,,,,,,
,,,,,,
,,,,,,
,,,,,,
,,,,,,
,,,,,,
,,,,,,
,,,,,,
,,,,,,
,,,,,,
,,,,,,
,,,,,,
,,,,,,
,,,,,,
,,,,,,
,,,,,,
,,,,,,
,,,,,,
,,,,,,
,,,,,,
,,,,,,
,,,,,,
,,,,,,
,,,,,,
,,,,,,
,,,,,,
,,,,,,
,,,,,,
,,,,,,
,,,,,,
,,,,,,
,,,,,,
,,,,,,
,,,,,,
,,,,,,
,,,,,,
,,,,,,
,,,,,,
,,,,,,
,,,,,,
,,,,,,
,,,,,,
,,,,,,
,,,,,,
,,,,,,
,,,,,,
,,,,,,
,,,,,,
,,,,,,
,,,,,,
,,,,,,
,,,,,,
,,,,,,
,,,,,,
,,,,,,
,,,,,,
,,,,,,
,,,,,,
,,,,,,
,,,,,,
,,,,,,
,,,,,,
,,,,,,
,,,,,,
,,,,,,
,,,,,,
,,,,,,
,,,,,,
,,,,,,
,,,,,,
,,,,,,
,,,,,,
,,,,,,
,,,,,,
,,,,,,
,,,,,,
,,,,,,
,,,,,,
,,,,,,
,,,,,,
,,,,,,
,,,,,,
,,,,,,
,,,,,,
,,,,,,
,,,,,,
,,,,,,
,,,,,,
,,,,,,
,,,,,,
,,,,,,
,,,,,,
,,,,,,
,,,,,,
,,,,,,
,,,,,,
,,,,,,
,,,,,,
,,,,,,
,,,,,,
,,,,,,
,,,,,,
,,,,,,
,,,,,,
,,,,,,
,,,,,,
,,,,,,
,,,,,,
,,,,,,
,,,,,,
,,,,,,
,,,,,,
,,,,,,
,,,,,,
,,,,,,
,,,,,,
,,,,,,
,,,,,,
,,,,,,
,,,,,,
,,,,,,
,,,,,,
,,,,,,
,,,,,,
,,,,,,
,,,,,,
,,,,,,
,,,,,,
,,,,,,
,,,,,,
,,,,,,
,,,,,,
,,,,,,
,,,,,,
,,,,,,
,,,,,,
,,,,,,
,,,,,,
,,,,,,
,,,,,,
,,,,,,
,,,,,,
,,,,,,
,,,,,,
,,,,,,
,,,,,,
,,,,,,
,,,,,,
,,,,,,
,,,,,,
,,,,,,
,,,,,,
,,,,,,
,,,,,,
,,,,,,
,,,,,,
,,,,,,
,,,,,,
,,,,,,
,,,,,,
,,,,,,
,,,,,,
,,,,,,
,,,,,,
,,,,,,
,,,,,,
,,,,,,
,,,,,,
,,,,,,
,,,,,,
,,,,,,
,,,,,,
,,,,,,
,,,,,,
,,,,,,
,,,,,,
,,,,,,
,,,,,,
,,,,,,
,,,,,,
,,,,,,
,,,,,,
,,,,,,
,,,,,,
,,,,,,
,,,,,,
,,,,,,
,,,,,,
,,,,,,
,,,,,,
,,,,,,
,,,,,,
,,,,,,
,,,,,,
,,,,,,
,,,,,,
,,,,,,
,,,,,,
,,,,,,
,,,,,,
,,,,,,
,,,,,,
,,,,,,
,,,,,,
,,,,,,
,,,,,,
,,,,,,
,,,,,,
,,,,,,
,,,,,,
,,,,,,
,,,,,,
,,,,,,
,,,,,,
,,,,,,
,,,,,,
,,,,,,
,,,,,,
,,,,,,
,,,,,,
,,,,,,
,,,,,,
,,,,,,
,,,,,,
,,,,,,
,,,,,,
,,,,,,
,,,,,,
,,,,,,
,,,,,,
,,,,,,
,,,,,,
,,,,,,
,,,,,,
,,,,,,
,,,,,,
,,,,,,
,,,,,,
,,,,,,
,,,,,,
,,,,,,
,,,,,,
,,,,,,
,,,,,,
,,,,,,
,,,,,,
,,,,,,
,,,,,,
,,,,,,
,,,,,,
,,,,,,
,,,,,,
,,,,,,
,,,,,,
,,,,,,
,,,,,,
,,,,,,
,,,,,,
,,,,,,
,,,,,,
,,,,,,
,,,,,,
,,,,,,
,,,,,,
,,,,,,
,,,,,,
,,,,,,
,,,,,,
,,,,,,
,,,,,,
,,,,,,
,,,,,,
,,,,,,
,,,,,,
,,,,,,
,,,,,,
,,,,,,
,,,,,,
,,,,,,
,,,,,,
,,,,,,
,,,,,,
,,,,,,
,,,,,,
,,,,,,
,,,,,,
,,,,,,
,,,,,,
,,,,,,
,,,,,,
,,,,,,
,,,,,,
,,,,,,
,,,,,,
,,,,,,
,,,,,,
,,,,,,
,,,,,,
,,,,,,
,,,,,,
,,,,,,
,,,,,,
,,,,,,
,,,,,,
,,,,,,
,,,,,,
,,,,,,
,,,,,,
,,,,,,
,,,,,,
,,,,,,
,,,,,,
,,,,,,
,,,,,,
,,,,,,
,,,,,,
,,,,,,
,,,,,,
,,,,,,
,,,,,,
,,,,,,
,,,,,,
,,,,,,
,,,,,,
,,,,,,
,,,,,,
,,,,,,
,,,,,,
,,,,,,
,,,,,,
,,,,,,
,,,,,,
,,,,,,
,,,,,,
,,,,,,
,,,,,,
,,,,,,
,,,,,,
,,,,,,
,,,,,,
,,,,,,
,,,,,,
,,,,,,
,,,,,,
,,,,,,
,,,,,,
,,,,,,
,,,,,,
,,,,,,
,,,,,,
,,,,,,
,,,,,,
,,,,,,
,,,,,,
,,,,,,
,,,,,,
,,,,,,
,,,,,,
,,,,,,
,,,,,,
,,,,,,
,,,,,,
,,,,,,
,,,,,,
,,,,,,
,,,,,,
,,,,,,
,,,,,,
,,,,,,
,,,,,,
,,,,,,
,,,,,,
,,,,,,
,,,,,,
,,,,,,
,,,,,,
,,,,,,
,,,,,,
,,,,,,
,,,,,,
,,,,,,
,,,,,,
,,,,,,
,,,,,,
,,,,,,
,,,,,,
,,,,,,
,,,,,,
,,,,,,
,,,,,,
,,,,,,
,,,,,,
,,,,,,
,,,,,,
,,,,,,
,,,,,,
,,,,,,
,,,,,,
,,,,,,
,,,,,,
,,,,,,
,,,,,,
,,,,,,
,,,,,,
,,,,,,
,,,,,,
,,,,,,
,,,,,,
,,,,,,
,,,,,,
,,,,,,
,,,,,,
,,,,,,
,,,,,,
,,,,,,
,,,,,,
,,,,,,
,,,,,,
,,,,,,
,,,,,,
,,,,,,
,,,,,,
,,,,,,
,,,,,,
,,,,,,
,,,,,,
,,,,,,
,,,,,,
,,,,,,
,,,,,,
,,,,,,
,,,,,,
,,,,,,
,,,,,,
,,,,,,
,,,,,,
,,,,,,
,,,,,,
,,,,,,
,,,,,,
,,,,,,
,,,,,,
,,,,,,
,,,,,,
,,,,,,
,,,,,,
,,,,,,
,,,,,,
,,,,,,
,,,,,,
,,,,,,
,,,,,,
,,,,,,
,,,,,,
,,,,,,
,,,,,,
,,,,,,
,,,,,,
,,,,,,
,,,,,,
,,,,,,
,,,,,,
,,,,,,
,,,,,,
,,,,,,
,,,,,,
,,,,,,
,,,,,,
,,,,,,
,,,,,,
,,,,,,
,,,,,,
,,,,,,
,,,,,,
,,,,,,
,,,,,,
,,,,,,
,,,,,,
,,,,,,
,,,,,,
,,,,,,
,,,,,,
,,,,,,
,,,,,,
,,,,,,
,,,,,,
,,,,,,
,,,,,,
,,,,,,
,,,,,,
,,,,,,
,,,,,,
,,,,,,
,,,,,,
,,,,,,
,,,,,,
,,,,,,
,,,,,,
,,,,,,
,,,,,,
,,,,,,
,,,,,,
,,,,,,
,,,,,,
,,,,,,
,,,,,,
,,,,,,
,,,,,,
,,,,,,
,,,,,,
,,,,,,
,,,,,,
,,,,,,
,,,,,,
,,,,,,
,,,,,,
,,,,,,
,,,,,,
,,,,,,
,,,,,,
,,,,,,
,,,,,,
,,,,,,
,,,,,,
,,,,,,
,,,,,,
,,,,,,
,,,,,,
,,,,,,
,,,,,,
,,,,,,
,,,,,,
,,,,,,
,,,,,,
,,,,,,
,,,,,,
,,,,,,
,,,,,,
,,,,,,
,,,,,,
,,,,,,
,,,,,,
,,,,,,
,,,,,,
,,,,,,
,,,,,,
,,,,,,
,,,,,,
,,,,,,
,,,,,,
,,,,,,
,,,,,,
,,,,,,
,,,,,,
,,,,,,
,,,,,,
,,,,,,
,,,,,,
,,,,,,
,,,,,,
,,,,,,
,,,,,,
,,,,,,
,,,,,,
,,,,,,
,,,,,,
,,,,,,
,,,,,,
,,,,,,
,,,,,,
,,,,,,
,,,,,,
,,,,,,
,,,,,,
,,,,,,
,,,,,,
,,,,,,
,,,,,,
,,,,,,
,,,,,,
,,,,,,
,,,,,,
,,,,,,
,,,,,,
,,,,,,
,,,,,,
,,,,,,
,,,,,,
,,,,,,
,,,,,,
,,,,,,
,,,,,,
,,,,,,
,,,,,,
,,,,,,
,,,,,,
,,,,,,
,,,,,,
,,,,,,
,,,,,,
,,,,,,
,,,,,,
,,,,,,
,,,,,,
,,,,,,
,,,,,,
,,,,,,
,,,,,,
,,,,,,
,,,,,,
,,,,,,
,,,,,,
,,,,,,
,,,,,,
,,,,,,
,,,,,,
,,,,,,
,,,,,,
,,,,,,
,,,,,,
,,,,,,
,,,,,,
,,,,,,
,,,,,,
,,,,,,
,,,,,,
,,,,,,
,,,,,,
,,,,,,
,,,,,,
,,,,,,
,,,,,,
,,,,,,
,,,,,,
,,,,,,
,,,,,,
,,,,,,
,,,,,,
,,,,,,
,,,,,,
,,,,,,
,,,,,,
,,,,,,
,,,,,,
,,,,,,
,,,,,,
,,,,,,
,,,,,,
,,,,,,
,,,,,,
,,,,,,
,,,,,,
,,,,,,
,,,,,,
,,,,,,
,,,,,,
,,,,,,
,,,,,,
,,,,,,
,,,,,,
,,,,,,
,,,,,,
,,,,,,
,,,,,,
,,,,,,
,,,,,,
,,,,,,
,,,,,,
,,,,,,
,,,,,,
,,,,,,
,,,,,,
,,,,,,
,,,,,,
,,,,,,
,,,,,,
,,,,,,
,,,,,,
,,,,,,
,,,,,,
,,,,,,
,,,,,,
,,,,,,
,,,,,,
,,,,,,
,,,,,,
,,,,,,
,,,,,,
,,,,,,
,,,,,,
,,,,,,
,,,,,,
,,,,,,
,,,,,,
,,,,,,
,,,,,,
,,,,,,
,,,,,,
,,,,,,
,,,,,,
,,,,,,
,,,,,,
,,,,,,
,,,,,,
,,,,,,
,,,,,,
,,,,,,
,,,,,,
,,,,,,
,,,,,,
,,,,,,
,,,,,,
,,,,,,
,,,,,,
,,,,,,
,,,,,,
,,,,,,
,,,,,,
,,,,,,
,,,,,,
,,,,,,
,,,,,,
,,,,,,
,,,,,,
,,,,,,
,,,,,,
,,,,,,
,,,,,,
,,,,,,
,,,,,,
,,,,,,
,,,,,,
,,,,,,
,,,,,,
,,,,,,
,,,,,,
,,,,,,
,,,,,,
,,,,,,
,,,,,,
,,,,,,
,,,,,,
,,,,,,
,,,,,,
,,,,,,
,,,,,,
,,,,,,
,,,,,,
,,,,,,
,,,,,,
,,,,,,
,,,,,,
,,,,,,
,,,,,,
,,,,,,
,,,,,,
,,,,,,
,,,,,,
,,,,,,
,,,,,,
,,,,,,
,,,,,,
,,,,,,
,,,,,,
,,,,,,
,,,,,,
,,,,,,
,,,,,,
,,,,,,
,,,,,,
,,,,,,
,,,,,,
,,,,,,
,,,,,,
,,,,,,
,,,,,,
,,,,,,
,,,,,,
,,,,,,
,,,,,,
,,,,,,
,,,,,,
,,,,,,
,,,,,,
,,,,,,
,,,,,,
,,,,,,
,,,,,,
,,,,,,
,,,,,,
,,,,,,
,,,,,,
,,,,,,
,,,,,,
,,,,,,
,,,,,,
,,,,,,
,,,,,,
,,,,,,
,,,,,,
,,,,,,
,,,,,,
,,,,,,
,,,,,,
,,,,,,
,,,,,,
,,,,,,
,,,,,,
,,,,,,
,,,,,,
,,,,,,
,,,,,,
,,,,,,
,,,,,,
,,,,,,
,,,,,,
,,,,,,
,,,,,,
,,,,,,
,,,,,,
,,,,,,
,,,,,,
,,,,,,
,,,,,,
,,,,,,
,,,,,,
,,,,,,
,,,,,,
,,,,,,
,,,,,,
,,,,,,
,,,,,,
,,,,,,
,,,,,,
,,,,,,
,,,,,,
,,,,,,
,,,,,,
,,,,,,
,,,,,,
,,,,,,
,,,,,,
,,,,,,
,,,,,,
,,,,,,
,,,,,,
,,,,,,
,,,,,,
,,,,,,
,,,,,,
,,,,,,
,,,,,,
,,,,,,
,,,,,,
,,,,,,
,,,,,,
,,,,,,
,,,,,,
,,,,,,
,,,,,,
,,,,,,
,,,,,,
,,,,,,
,,,,,,
,,,,,,
,,,,,,
,,,,,,
,,,,,,
,,,,,,
,,,,,,
,,,,,,
,,,,,,
,,,,,,
,,,,,,
,,,,,,
,,,,,,
,,,,,,
,,,,,,
,,,,,,
,,,,,,
,,,,,,
,,,,,,
,,,,,,
,,,,,,
,,,,,,
,,,,,,
,,,,,,
,,,,,,
,,,,,,
,,,,,,
,,,,,,
,,,,,,
,,,,,,
,,,,,,
,,,,,,
,,,,,,
,,,,,,
,,,,,,
,,,,,,
,,,,,,
,,,,,,
,,,,,,
,,,,,,
,,,,,,
,,,,,,
,,,,,,
,,,,,,
,,,,,,
,,,,,,
,,,,,,
,,,,,,
,,,,,,
,,,,,,
,,,,,,
,,,,,,
,,,,,,
,,,,,,
,,,,,,
,,,,,,
,,,,,,
,,,,,,
,,,,,,
,,,,,,
,,,,,,
,,,,,,
,,,,,,
,,,,,,
,,,,,,
,,,,,,
,,,,,,
,,,,,,
,,,,,,
,,,,,,
,,,,,,
,,,,,,
,,,,,,
,,,,,,
,,,,,,
,,,,,,
,,,,,,
,,,,,,
,,,,,,
,,,,,,
,,,,,,
,,,,,,
,,,,,,
,,,,,,
,,,,,,
,,,,,,
,,,,,,
,,,,,,
,,,,,,
,,,,,,
,,,,,,
,,,,,,
,,,,,,
,,,,,,
,,,,,,
,,,,,,
,,,,,,
,,,,,,
,,,,,,
,,,,,,
,,,,,,
,,,,,,
,,,,,,
,,,,,,
,,,,,,
,,,,,,
,,,,,,
,,,,,,
,,,,,,
,,,,,,
,,,,,,
,,,,,,
,,,,,,
,,,,,,
,,,,,,
,,,,,,
,,,,,,
,,,,,,
,,,,,,
,,,,,,
,,,,,,
,,,,,,
,,,,,,
,,,,,,
,,,,,,
,,,,,,
,,,,,,
,,,,,,
,,,,,,
,,,,,,
,,,,,,
,,,,,,
,,,,,,
,,,,,,
,,,,,,
,,,,,,
,,,,,,
,,,,,,
,,,,,,
,,,,,,
,,,,,,
,,,,,,
,,,,,,
,,,,,,
,,,,,,
,,,,,,
,,,,,,
,,,,,,
,,,,,,
,,,,,,
,,,,,,
,,,,,,
,,,,,,
,,,,,,
,,,,,,
,,,,,,
,,,,,,
,,,,,,
,,,,,,
,,,,,,
,,,,,,
,,,,,,
,,,,,,
,,,,,,
,,,,,,
,,,,,,
,,,,,,
,,,,,,
,,,,,,
,,,,,,
,,,,,,
,,,,,,
,,,,,,
,,,,,,
,,,,,,
,,,,,,
,,,,,,
,,,,,,
,,,,,,
,,,,,,
,,,,,,
,,,,,,
,,,,,,
,,,,,,
,,,,,,
,,,,,,
,,,,,,
,,,,,,
,,,,,,
,,,,,,
,,,,,,
,,,,,,
,,,,,,
,,,,,,
,,,,,,
,,,,,,
,,,,,,
,,,,,,
,,,,,,
,,,,,,
,,,,,,
,,,,,,
,,,,,,
,,,,,,
,,,,,,
,,,,,,
,,,,,,
,,,,,,
,,,,,,
,,,,,,
,,,,,,
,,,,,,
,,,,,,
,,,,,,
,,,,,,
,,,,,,
,,,,,,
,,,,,,
,,,,,,
,,,,,,
,,,,,,
,,,,,,
,,,,,,
,,,,,,
,,,,,,
,,,,,,
,,,,,,
,,,,,,
,,,,,,
,,,,,,
,,,,,,
,,,,,,
,,,,,,
,,,,,,
,,,,,,
,,,,,,
,,,,,,
,,,,,,
,,,,,,
,,,,,,
,,,,,,
,,,,,,
,,,,,,
,,,,,,
,,,,,,
,,,,,,
,,,,,,
,,,,,,
,,,,,,
,,,,,,
,,,,,,
,,,,,,
,,,,,,
,,,,,,
,,,,,,
,,,,,,
,,,,,,
,,,,,,
,,,,,,
,,,,,,
,,,,,,
,,,,,,
,,,,,,
,,,,,,
,,,,,,
,,,,,,
,,,,,,
,,,,,,
,,,,,,
,,,,,,
,,,,,,
,,,,,,
,,,,,,
,,,,,,
,,,,,,
,,,,,,
,,,,,,
,,,,,,
,,,,,,
,,,,,,
,,,,,,
,,,,,,
,,,,,,
,,,,,,
,,,,,,
,,,,,,
,,,,,,
,,,,,,
,,,,,,
,,,,,,
,,,,,,
,,,,,,
,,,,,,
,,,,,,
,,,,,,
,,,,,,
,,,,,,
,,,,,,
,,,,,,
,,,,,,
,,,,,,
,,,,,,
,,,,,,
,,,,,,
,,,,,,
,,,,,,
,,,,,,
,,,,,,
,,,,,,
,,,,,,
,,,,,,
,,,,,,
,,,,,,
,,,,,,
,,,,,,
,,,,,,
,,,,,,
,,,,,,
,,,,,,
,,,,,,
,,,,,,
,,,,,,
,,,,,,
,,,,,,
,,,,,,
,,,,,,
,,,,,,
,,,,,,
,,,,,,
,,,,,,
,,,,,,
,,,,,,
,,,,,,
,,,,,,
,,,,,,
,,,,,,
,,,,,,
,,,,,,
,,,,,,
,,,,,,
,,,,,,
,,,,,,
,,,,,,
,,,,,,
,,,,,,
,,,,,,
,,,,,,
,,,,,,
,,,,,,
,,,,,,
,,,,,,
,,,,,,
,,,,,,
,,,,,,
,,,,,,
,,,,,,
,,,,,,
,,,,,,
,,,,,,
,,,,,,
,,,,,,
,,,,,,
,,,,,,
,,,,,,
,,,,,,
,,,,,,
,,,,,,
,,,,,,
,,,,,,
,,,,,,
,,,,,,
,,,,,,
,,,,,,
,,,,,,
,,,,,,
,,,,,,
,,,,,,
,,,,,,
,,,,,,
,,,,,,
,,,,,,
,,,,,,
,,,,,,
,,,,,,
,,,,,,
,,,,,,
,,,,,,
,,,,,,
,,,,,,
,,,,,,
,,,,,,
,,,,,,
,,,,,,
,,,,,,
,,,,,,
,,,,,,
,,,,,,
,,,,,,
,,,,,,
,,,,,,
,,,,,,
,,,,,,
,,,,,,
,,,,,,
,,,,,,
,,,,,,
,,,,,,
,,,,,,
,,,,,,
,,,,,,
,,,,,,
,,,,,,
,,,,,,
,,,,,,
,,,,,,
,,,,,,
,,,,,,
,,,,,,
,,,,,,
,,,,,,
,,,,,,
,,,,,,
,,,,,,
,,,,,,
,,,,,,
,,,,,,
,,,,,,
,,,,,,
,,,,,,
,,,,,,
,,,,,,
,,,,,,
,,,,,,
,,,,,,
,,,,,,
,,,,,,
,,,,,,
,,,,,,
,,,,,,
,,,,,,
,,,,,,
,,,,,,
,,,,,,
,,,,,,
,,,,,,
,,,,,,
,,,,,,
,,,,,,
,,,,,,
,,,,,,
,,,,,,
,,,,,,
,,,,,,
,,,,,,
,,,,,,
,,,,,,
,,,,,,
,,,,,,
,,,,,,
,,,,,,
,,,,,,
,,,,,,
,,,,,,
,,,,,,
,,,,,,
,,,,,,
,,,,,,
,,,,,,
,,,,,,
,,,,,,
,,,,,,
,,,,,,
,,,,,,
,,,,,,
,,,,,,
,,,,,,
,,,,,,
,,,,,,
,,,,,,
,,,,,,
,,,,,,
,,,,,,
,,,,,,
,,,,,,
,,,,,,
,,,,,,
,,,,,,
,,,,,,
,,,,,,
,,,,,,
,,,,,,
,,,,,,
,,,,,,
,,,,,,
,,,,,,
,,,,,,
,,,,,,
,,,,,,
,,,,,,
,,,,,,
,,,,,,
,,,,,,
,,,,,,
,,,,,,
,,,,,,
,,,,,,
,,,,,,
,,,,,,
,,,,,,
,,,,,,
,,,,,,
,,,,,,
,,,,,,
,,,,,,
,,,,,,
,,,,,,
,,,,,,
,,,,,,
,,,,,,
,,,,,,
,,,,,,
,,,,,,
,,,,,,
,,,,,,
,,,,,,
,,,,,,
,,,,,,
,,,,,,
,,,,,,
,,,,,,
,,,,,,
,,,,,,
,,,,,,
,,,,,,
,,,,,,
,,,,,,
,,,,,,
,,,,,,
,,,,,,
,,,,,,
,,,,,,
,,,,,,
,,,,,,
,,,,,,
,,,,,,
,,,,,,
,,,,,,
,,,,,,
,,,,,,
,,,,,,
,,,,,,
,,,,,,
,,,,,,
,,,,,,
,,,,,,
,,,,,,
,,,,,,
,,,,,,
,,,,,,
,,,,,,
,,,,,,
,,,,,,
,,,,,,
,,,,,,
,,,,,,
,,,,,,
,,,,,,
,,,,,,
,,,,,,
,,,,,,
,,,,,,
,,,,,,
,,,,,,
,,,,,,
,,,,,,
,,,,,,
,,,,,,
,,,,,,
,,,,,,
,,,,,,
,,,,,,
,,,,,,
,,,,,,
,,,,,,
,,,,,,
,,,,,,
,,,,,,
,,,,,,
,,,,,,
,,,,,,
,,,,,,
,,,,,,
,,,,,,
,,,,,,
,,,,,,
,,,,,,
,,,,,,
,,,,,,
,,,,,,
,,,,,,
,,,,,,
,,,,,,
,,,,,,
,,,,,,
,,,,,,
,,,,,,
,,,,,,
,,,,,,
,,,,,,
,,,,,,
,,,,,,
,,,,,,
,,,,,,
,,,,,,
,,,,,,
,,,,,,
,,,,,,
,,,,,,
,,,,,,
,,,,,,
,,,,,,
